VXUS,BND,QQQ,BNDX,VTIP,VCIT,TLT,VCSH,VGIT,MBB,IEF,IUSB,VONG,VGSH,SHY,IGSB,SHV,TQQQ,SMH,ACWI,IEI,IGIB,VCLT,VGLT,PFF,EMB,RDVY,USIG,SOXX,SCZ,QYLD,CIBR,SDVY,FTSM,MCHI,IBB,ACWX,PDBC,KBWB,ANGL,BSCR,SQQQ,FALN,ICLN
"               Close      High       Low      Open    Volume  ...     LR_44  \
Date                                                          ...             
2018-03-13  0.449782  0.440483  0.458006  0.457832  0.024600  ...  0.610624   
2018-03-14  0.453477  0.439978  0.459483  0.459576  0.011080  ...  0.613244   
2018-03-15  0.451506  0.436440  0.459729  0.452602  0.015261  ...  0.616264   
2018-03-16  0.448797  0.430881  0.458745  0.447621  0.007255  ...  0.603995   
2018-03-19  0.436485  0.421532  0.441513  0.441644  0.024682  ...  0.576554   
...              ...       ...       ...       ...       ...  ...       ...   
2025-03-25  0.984793  0.980655  0.992710  0.991379  0.242585  ...  0.723736   
2025-03-26  0.964618  0.970932  0.972543  0.980868  0.190105  ...  0.711422   
2025-03-27  0.968897  0.965913  0.972543  0.966956  0.135959  ...  0.705123   
2025-03-28  0.946277  0.951171  0.953598  0.964173  0.252463  ...  0.680216   
2025-03-31  0.933744  0.927647  0.925181  0.925838  0.244050  ...  0.679218   

               LR_45     LR_46     LR_47     LR_48  
Date                                                
2018-03-13  0.600322  0.603101  0.615726  0.606826  
2018-03-14  0.604942  0.597079  0.607379  0.600625  
2018-03-15  0.601621  0.595776  0.595499  0.586815  
2018-03-16  0.603841  0.591674  0.593431  0.574543  
2018-03-19  0.581551  0.583766  0.579280  0.562770  
...              ...       ...       ...       ...  
2025-03-25  0.738458  0.738770  0.743153  0.737287  
2025-03-26  0.697897  0.716108  0.723087  0.705612  
2025-03-27  0.704360  0.694198  0.719152  0.704186  
2025-03-28  0.677410  0.679942  0.676762  0.680384  
2025-03-31  0.660381  0.660647  0.670234  0.646688  

[1773 rows x 63 columns]","               Close      High       Low      Open    Volume  ...     LR_44  \
Date                                                          ...             
2018-03-13  0.082109  0.073293  0.096086  0.096522  0.077393  ...  0.389373   
2018-03-14  0.091663  0.082905  0.097745  0.094316  0.054288  ...  0.418680   
2018-03-15  0.092225  0.081773  0.103277  0.102035  0.049788  ...  0.418694   
2018-03-16  0.088292  0.077817  0.101619  0.100382  0.046717  ...  0.413634   
2018-03-19  0.084924  0.077820  0.098856  0.097077  0.041585  ...  0.410009   
...              ...       ...       ...       ...       ...  ...       ...   
2025-03-25  0.623451  0.620030  0.624976  0.620431  0.192055  ...  0.606697   
2025-03-26  0.612495  0.612451  0.618236  0.621773  0.152077  ...  0.606061   
2025-03-27  0.610441  0.602806  0.613517  0.612369  0.174339  ...  0.612486   
2025-03-28  0.639201  0.632430  0.630368  0.631179  0.151876  ...  0.634337   
2025-03-31  0.648103  0.646897  0.643849  0.654019  0.222499  ...  0.614269   

               LR_45     LR_46     LR_47     LR_48  
Date                                                
2018-03-13  0.382690  0.396046  0.389747  0.393583  
2018-03-14  0.394353  0.415640  0.404108  0.400652  
2018-03-15  0.412206  0.415654  0.412181  0.404066  
2018-03-16  0.406398  0.427319  0.406702  0.406679  
2018-03-19  0.402033  0.422394  0.418738  0.401828  
...              ...       ...       ...       ...  
2025-03-25  0.617625  0.633003  0.633589  0.679798  
2025-03-26  0.588064  0.619140  0.610980  0.623603  
2025-03-27  0.597729  0.600469  0.607214  0.610554  
2025-03-28  0.639840  0.644401  0.622672  0.640783  
2025-03-31  0.638832  0.662928  0.643711  0.634463  

[1773 rows x 63 columns]","               Close      High       Low      Open    Volume  ...     LR_44  \
Date                                                          ...             
2018-03-13  0.064140  0.062189  0.063669  0.067154  0.253396  ...  0.569715   
2018-03-14  0.064069  0.056277  0.062856  0.062697  0.174572  ...  0.569299   
2018-03-15  0.063712  0.055774  0.062784  0.060766  0.113370  ...  0.571885   
2018-03-16  0.062501  0.054984  0.062880  0.060814  0.125721  ...  0.554606   
2018-03-19  0.053832  0.048508  0.050836  0.054985  0.335632  ...  0.503660   
...              ...       ...       ...       ...       ...  ...       ...   
2025-03-25  0.887109  0.883419  0.886292  0.881035  0.098886  ...  0.367082   
2025-03-26  0.864460  0.882263  0.867190  0.883312  0.143729  ...  0.311927   
2025-03-27  0.857575  0.865725  0.860731  0.858561  0.137689  ...  0.298104   
2025-03-28  0.825945  0.850494  0.830068  0.852054  0.204987  ...  0.261048   
2025-03-31  0.825895  0.823701  0.803125  0.807283  0.239625  ...  0.313077   

               LR_45     LR_46     LR_47     LR_48  
Date                                                
2018-03-13  0.570796  0.567632  0.583511  0.611809  
2018-03-14  0.563603  0.549752  0.580224  0.595682  
2018-03-15  0.561944  0.541385  0.561647  0.591387  
2018-03-16  0.560815  0.536041  0.549919  0.570138  
2018-03-19  0.510495  0.502229  0.512945  0.528445  
...              ...       ...       ...       ...  
2025-03-25  0.370597  0.380877  0.386962  0.444876  
2025-03-26  0.327310  0.318783  0.367233  0.377190  
2025-03-27  0.294661  0.298450  0.328852  0.379346  
2025-03-28  0.243603  0.229188  0.273246  0.308218  
2025-03-31  0.253572  0.225377  0.251454  0.298568  

[1773 rows x 63 columns]","               Close      High       Low      Open    Volume  ...     LR_44  \
Date                                                          ...             
2018-03-13  0.140769  0.131977  0.149410  0.150351  0.028570  ...  0.518290   
2018-03-14  0.152499  0.140873  0.154250  0.151323  0.025732  ...  0.536519   
2018-03-15  0.153472  0.143834  0.160052  0.157137  0.028245  ...  0.545030   
2018-03-16  0.156405  0.145812  0.162956  0.161018  0.010369  ...  0.548670   
2018-03-19  0.156405  0.147788  0.157151  0.158108  0.011357  ...  0.552325   
...              ...       ...       ...       ...       ...  ...       ...   
2025-03-25  0.721095  0.726860  0.712751  0.735087  0.089678  ...  0.491094   
2025-03-26  0.721095  0.719518  0.717544  0.723078  0.099765  ...  0.496489   
2025-03-27  0.724726  0.723189  0.724734  0.725480  0.069761  ...  0.503260   
2025-03-28  0.745299  0.743992  0.741508  0.739890  0.080063  ...  0.530339   
2025-03-31  0.745299  0.750111  0.743904  0.751899  0.179711  ...  0.515498   

               LR_45     LR_46     LR_47     LR_48  
Date                                                
2018-03-13  0.521264  0.519519  0.526414  0.530545  
2018-03-14  0.534612  0.533602  0.538821  0.539647  
2018-03-15  0.539458  0.533596  0.539943  0.539639  
2018-03-16  0.550383  0.540632  0.542194  0.543049  
2018-03-19  0.550383  0.547683  0.545578  0.541911  
...              ...       ...       ...       ...  
2025-03-25  0.502327  0.515558  0.530275  0.568078  
2025-03-26  0.492898  0.501202  0.521478  0.529883  
2025-03-27  0.502352  0.496015  0.511461  0.524820  
2025-03-28  0.528035  0.523463  0.524068  0.532464  
2025-03-31  0.532080  0.526068  0.529076  0.523619  

[1773 rows x 63 columns]","               Close      High       Low      Open    Volume  ...     LR_44  \
Date                                                          ...             
2018-03-13  0.015148  0.012961  0.019380  0.014438  0.010148  ...  0.453759   
2018-03-14  0.017313  0.015842  0.020819  0.015161  0.005195  ...  0.459169   
2018-03-15  0.017313  0.016563  0.021538  0.017326  0.045587  ...  0.466378   
2018-03-16  0.014428  0.015123  0.020100  0.017326  0.079439  ...  0.464576   
2018-03-19  0.015148  0.013682  0.019380  0.014438  0.008015  ...  0.457365   
...              ...       ...       ...       ...       ...  ...       ...   
2025-03-25  0.974744  0.970289  0.973922  0.972018  0.048223  ...  0.630841   
2025-03-26  0.974744  0.972090  0.975720  0.975629  0.023806  ...  0.634451   
2025-03-27  0.982862  0.979292  0.982015  0.979240  0.026915  ...  0.643156   
2025-03-28  0.996392  0.991897  0.991907  0.989168  0.047307  ...  0.666022   
2025-03-31  1.000000  1.000000  1.000000  1.000000  0.056696  ...  0.662253   

               LR_45     LR_46     LR_47     LR_48  
Date                                                
2018-03-13  0.451778  0.448192  0.446432  0.449038  
2018-03-14  0.459015  0.455427  0.450055  0.452665  
2018-03-15  0.459015  0.457235  0.451862  0.450855  
2018-03-16  0.459013  0.449998  0.446432  0.445415  
2018-03-19  0.466250  0.459042  0.448241  0.449038  
...              ...       ...       ...       ...  
2025-03-25  0.625864  0.624086  0.629585  0.654345  
2025-03-26  0.631299  0.624086  0.620527  0.630705  
2025-03-27  0.650903  0.645503  0.636509  0.637641  
2025-03-28  0.670228  0.675697  0.668516  0.664260  
2025-03-31  0.673678  0.675524  0.679213  0.676791  

[1773 rows x 63 columns]","               Close      High       Low      Open    Volume  ...     LR_44  \
Date                                                          ...             
2018-03-13  0.047002  0.044066  0.045343  0.043381  0.011673  ...  0.393203   
2018-03-14  0.052086  0.052048  0.046614  0.042538  0.014543  ...  0.406556   
2018-03-15  0.049966  0.048685  0.048732  0.048438  0.008091  ...  0.401724   
2018-03-16  0.052510  0.048267  0.047038  0.043381  0.024129  ...  0.402524   
2018-03-19  0.044037  0.045747  0.044919  0.042539  0.011276  ...  0.396060   
...              ...       ...       ...       ...       ...  ...       ...   
2025-03-25  0.861666  0.856549  0.856455  0.850556  0.111403  ...  0.535977   
2025-03-26  0.851423  0.848530  0.851061  0.852702  0.157252  ...  0.537650   
2025-03-27  0.849266  0.838906  0.845666  0.843045  0.093956  ...  0.537272   
2025-03-28  0.872449  0.862965  0.858074  0.858066  0.158753  ...  0.549369   
2025-03-31  0.877302  0.872054  0.867784  0.876307  0.097954  ...  0.535849   

               LR_45     LR_46     LR_47     LR_48  
Date                                                
2018-03-13  0.388325  0.378272  0.373164  0.372654  
2018-03-14  0.393917  0.384909  0.378348  0.374561  
2018-03-15  0.400786  0.384128  0.378651  0.373443  
2018-03-16  0.400120  0.395047  0.381962  0.377758  
2018-03-19  0.391157  0.384697  0.383191  0.371512  
...              ...       ...       ...       ...  
2025-03-25  0.544077  0.536658  0.539467  0.562574  
2025-03-26  0.523661  0.527738  0.524673  0.526294  
2025-03-27  0.531163  0.513268  0.521560  0.517453  
2025-03-28  0.549085  0.538885  0.525251  0.532209  
2025-03-31  0.547842  0.543529  0.537697  0.522940  

[1773 rows x 63 columns]","               Close      High       Low      Open    Volume  ...     LR_44  \
Date                                                          ...             
2018-03-13  0.291113  0.263605  0.285864  0.260580  0.046092  ...  0.378717   
2018-03-14  0.303088  0.274537  0.299398  0.272126  0.074406  ...  0.431910   
2018-03-15  0.303088  0.275493  0.305821  0.280282  0.038832  ...  0.434808   
2018-03-16  0.298184  0.270398  0.301463  0.276363  0.031819  ...  0.416402   
2018-03-19  0.293850  0.269973  0.297448  0.270113  0.056877  ...  0.404763   
...              ...       ...       ...       ...       ...  ...       ...   
2025-03-25  0.157869  0.141750  0.159887  0.143736  0.200987  ...  0.559049   
2025-03-26  0.149810  0.135648  0.154117  0.141452  0.229739  ...  0.555815   
2025-03-27  0.146258  0.128401  0.147797  0.134602  0.214945  ...  0.567492   
2025-03-28  0.163059  0.145055  0.164008  0.147669  0.383544  ...  0.589642   
2025-03-31  0.175216  0.157768  0.171564  0.164796  0.372664  ...  0.585061   

               LR_45     LR_46     LR_47     LR_48  
Date                                                
2018-03-13  0.361278  0.357697  0.366755  0.391791  
2018-03-14  0.383079  0.383482  0.386949  0.400749  
2018-03-15  0.414280  0.384893  0.393415  0.401105  
2018-03-16  0.408785  0.406801  0.386753  0.399486  
2018-03-19  0.391894  0.402442  0.410015  0.393797  
...              ...       ...       ...       ...  
2025-03-25  0.558078  0.556133  0.576804  0.627374  
2025-03-26  0.522154  0.537694  0.554603  0.574338  
2025-03-27  0.527537  0.511472  0.544105  0.560583  
2025-03-28  0.577458  0.553560  0.555036  0.587496  
2025-03-31  0.589843  0.592641  0.589113  0.589554  

[1773 rows x 63 columns]","               Close      High       Low      Open    Volume  ...     LR_44  \
Date                                                          ...             
2018-03-13  0.124935  0.006305  0.149020  0.103385  0.044030  ...  0.439046   
2018-03-14  0.123916  0.008024  0.147036  0.101316  0.015747  ...  0.438536   
2018-03-15  0.122900  0.006879  0.148525  0.103903  0.021459  ...  0.437032   
2018-03-16  0.123409  0.004586  0.147534  0.101318  0.012876  ...  0.437536   
2018-03-19  0.120864  0.004014  0.146543  0.099251  0.007579  ...  0.435515   
...              ...       ...       ...       ...       ...  ...       ...   
2025-03-25  0.990142  0.983350  0.989802  0.979354  0.131349  ...  0.527083   
2025-03-26  0.987677  0.979880  0.988602  0.981231  0.019093  ...  0.528613   
2025-03-27  0.988909  0.981962  0.989202  0.979354  0.334459  ...  0.527093   
2025-03-28  1.000000  0.993062  0.994601  0.986236  0.130920  ...  0.532567   
2025-03-31  1.000000  1.000000  1.000000  1.000000  0.153855  ...  0.523504   

               LR_45     LR_46     LR_47     LR_48  
Date                                                
2018-03-13  0.436996  0.436939  0.434576  0.429919  
2018-03-14  0.435486  0.434935  0.435556  0.428429  
2018-03-15  0.434977  0.433431  0.433564  0.429405  
2018-03-16  0.434983  0.434433  0.433570  0.428918  
2018-03-19  0.432459  0.431417  0.431561  0.425934  
...              ...       ...       ...       ...  
2025-03-25  0.528753  0.526468  0.529629  0.538505  
2025-03-26  0.522699  0.525476  0.523622  0.522002  
2025-03-27  0.527243  0.522441  0.525623  0.518999  
2025-03-28  0.533738  0.534973  0.530561  0.528905  
2025-03-31  0.530200  0.532451  0.534073  0.524910  

[1773 rows x 63 columns]","               Close      High       Low      Open    Volume  ...     LR_44  \
Date                                                          ...             
2018-03-13  0.054192  0.048808  0.042440  0.040014  0.001460  ...  0.435373   
2018-03-14  0.058193  0.057652  0.050489  0.048868  0.001431  ...  0.459035   
2018-03-15  0.055793  0.056044  0.054514  0.056111  0.002924  ...  0.453083   
2018-03-16  0.050992  0.050416  0.049685  0.052892  0.002847  ...  0.443548   
2018-03-19  0.048589  0.052022  0.044853  0.042427  0.002349  ...  0.445852   
...              ...       ...       ...       ...       ...  ...       ...   
2025-03-25  0.616668  0.617781  0.612718  0.611176  0.136453  ...  0.696627   
2025-03-26  0.610054  0.612084  0.607966  0.612126  0.151142  ...  0.701934   
2025-03-27  0.609109  0.610185  0.607966  0.609275  0.123229  ...  0.711010   
2025-03-28  0.641236  0.641517  0.628877  0.628283  0.091768  ...  0.738613   
2025-03-31  0.650685  0.656708  0.644085  0.657745  0.137976  ...  0.719031   

               LR_45     LR_46     LR_47     LR_48  
Date                                                
2018-03-13  0.402280  0.411332  0.415337  0.407463  
2018-03-14  0.413288  0.421798  0.426688  0.411077  
2018-03-15  0.427800  0.422896  0.427758  0.413355  
2018-03-16  0.417976  0.433183  0.425396  0.410894  
2018-03-19  0.411845  0.427347  0.438881  0.412003  
...              ...       ...       ...       ...  
2025-03-25  0.692107  0.689055  0.709794  0.765798  
2025-03-26  0.666990  0.682874  0.683933  0.702555  
2025-03-27  0.680305  0.666452  0.685189  0.683247  
2025-03-28  0.735367  0.722595  0.711639  0.728765  
2025-03-31  0.732399  0.745107  0.737336  0.725920  

[1773 rows x 63 columns]","               Close      High       Low      Open    Volume  ...     LR_44  \
Date                                                          ...             
2018-03-13  0.318255  0.311739  0.335581  0.332854  0.010640  ...  0.434109   
2018-03-14  0.323038  0.316096  0.338366  0.332855  0.004606  ...  0.451979   
2018-03-15  0.323038  0.313677  0.342077  0.337512  0.004303  ...  0.451979   
2018-03-16  0.315864  0.308351  0.337437  0.336113  0.007678  ...  0.442271   
2018-03-19  0.312996  0.307384  0.335582  0.330992  0.018719  ...  0.440393   
...              ...       ...       ...       ...       ...  ...       ...   
2025-03-25  0.691996  0.693065  0.695118  0.690551  0.060019  ...  0.614131   
2025-03-26  0.684525  0.686666  0.691215  0.694468  0.299153  ...  0.615284   
2025-03-27  0.678778  0.677941  0.688427  0.691671  0.056420  ...  0.622767   
2025-03-28  0.715559  0.712844  0.709058  0.707900  0.065962  ...  0.649640   
2025-03-31  0.722454  0.728551  0.723555  0.739239  0.072102  ...  0.628432   

               LR_45     LR_46     LR_47     LR_48  
Date                                                
2018-03-13  0.425751  0.432200  0.432637  0.436783  
2018-03-14  0.432734  0.438964  0.439217  0.439541  
2018-03-15  0.446075  0.441187  0.441380  0.441764  
2018-03-16  0.439043  0.447299  0.436917  0.437178  
2018-03-19  0.433468  0.444574  0.446838  0.436677  
...              ...       ...       ...       ...  
2025-03-25  0.627247  0.625979  0.635882  0.693318  
2025-03-26  0.602846  0.622992  0.616877  0.637265  
2025-03-27  0.605578  0.600876  0.615449  0.619252  
2025-03-28  0.651896  0.641074  0.630464  0.655325  
2025-03-31  0.651749  0.659535  0.643883  0.644361  

[1773 rows x 63 columns]","               Close      High       Low      Open    Volume  ...     LR_44  \
Date                                                          ...             
2018-03-13  0.132118  0.116242  0.129634  0.126593  0.019315  ...  0.432813   
2018-03-14  0.138592  0.125477  0.133542  0.124955  0.032982  ...  0.466835   
2018-03-15  0.137298  0.124159  0.138101  0.132822  0.035520  ...  0.466314   
2018-03-16  0.133414  0.116573  0.133217  0.127905  0.048876  ...  0.456993   
2018-03-19  0.130177  0.118881  0.129961  0.121022  0.036589  ...  0.455436   
...              ...       ...       ...       ...       ...  ...       ...   
2025-03-25  0.375976  0.367295  0.374660  0.367794  0.100406  ...  0.683670   
2025-03-26  0.367710  0.360786  0.370124  0.367794  0.123629  ...  0.685003   
2025-03-27  0.364704  0.354660  0.365588  0.361325  0.072640  ...  0.693858   
2025-03-28  0.393261  0.382994  0.386001  0.379591  0.090814  ...  0.724061   
2025-03-31  0.403782  0.398693  0.398853  0.406609  0.202971  ...  0.706208   

               LR_45     LR_46     LR_47     LR_48  
Date                                                
2018-03-13  0.394451  0.397020  0.408821  0.405313  
2018-03-14  0.406787  0.412394  0.420594  0.409802  
2018-03-15  0.429033  0.412806  0.424694  0.410222  
2018-03-16  0.424539  0.430152  0.421318  0.410538  
2018-03-19  0.416169  0.426823  0.439705  0.408054  
...              ...       ...       ...       ...  
2025-03-25  0.665661  0.664051  0.691254  0.740016  
2025-03-26  0.636831  0.649176  0.668401  0.676704  
2025-03-27  0.645685  0.628946  0.660617  0.660714  
2025-03-28  0.699647  0.680133  0.683299  0.696662  
2025-03-31  0.704136  0.706837  0.710125  0.694650  

[1773 rows x 63 columns]","               Close      High       Low      Open    Volume  ...     LR_44  \
Date                                                          ...             
2018-03-13  0.095022  0.083666  0.108911  0.109707  0.000814  ...  0.374047   
2018-03-14  0.100676  0.092189  0.111701  0.106938  0.000848  ...  0.395642   
2018-03-15  0.101617  0.089348  0.114486  0.114328  0.000700  ...  0.396734   
2018-03-16  0.095965  0.084615  0.112628  0.109709  0.000177  ...  0.388017   
2018-03-19  0.093138  0.085560  0.107053  0.104164  0.001313  ...  0.384727   
...              ...       ...       ...       ...       ...  ...       ...   
2025-03-25  0.726774  0.723425  0.730887  0.722759  0.032587  ...  0.570812   
2025-03-26  0.714034  0.711787  0.721749  0.722759  0.022178  ...  0.567355   
2025-03-27  0.710559  0.704802  0.717180  0.711398  0.027585  ...  0.572212   
2025-03-28  0.738355  0.731573  0.736598  0.729574  0.041626  ...  0.592284   
2025-03-31  0.749937  0.744376  0.745736  0.750022  0.035945  ...  0.577715   

               LR_45     LR_46     LR_47     LR_48  
Date                                                
2018-03-13  0.365966  0.381945  0.392899  0.379058  
2018-03-14  0.371485  0.391470  0.392011  0.394760  
2018-03-15  0.387651  0.391489  0.396124  0.388553  
2018-03-16  0.381062  0.399714  0.388828  0.385308  
2018-03-19  0.375604  0.396513  0.400030  0.381084  
...              ...       ...       ...       ...  
2025-03-25  0.580397  0.594215  0.604415  0.643919  
2025-03-26  0.549181  0.580323  0.581565  0.590190  
2025-03-27  0.555245  0.559293  0.577005  0.576222  
2025-03-28  0.592293  0.596379  0.586990  0.602647  
2025-03-31  0.595708  0.616093  0.607469  0.596634  

[1773 rows x 63 columns]","               Close      High       Low      Open    Volume  ...     LR_44  \
Date                                                          ...             
2018-03-13  0.063466  0.059382  0.063346  0.065152  0.035726  ...  0.557485   
2018-03-14  0.062019  0.055949  0.061851  0.062156  0.025072  ...  0.549099   
2018-03-15  0.061808  0.055158  0.061454  0.059583  0.003426  ...  0.552169   
2018-03-16  0.061747  0.054429  0.062491  0.059462  0.004066  ...  0.541359   
2018-03-19  0.054692  0.050176  0.052421  0.056406  0.007604  ...  0.507770   
...              ...       ...       ...       ...       ...  ...       ...   
2025-03-25  0.875624  0.873496  0.879024  0.872820  0.072365  ...  0.400681   
2025-03-26  0.848276  0.870003  0.854465  0.873078  0.072120  ...  0.346301   
2025-03-27  0.842369  0.850857  0.847448  0.843824  0.087875  ...  0.333433   
2025-03-28  0.809757  0.836626  0.817432  0.837380  0.135507  ...  0.298510   
2025-03-31  0.810784  0.810622  0.788064  0.790728  0.137690  ...  0.343926   

               LR_45     LR_46     LR_47     LR_48  
Date                                                
2018-03-13  0.552839  0.558373  0.553892  0.566213  
2018-03-14  0.543672  0.539933  0.543035  0.547547  
2018-03-15  0.539515  0.534876  0.528890  0.540965  
2018-03-16  0.543070  0.531188  0.524375  0.527522  
2018-03-19  0.508542  0.510724  0.496802  0.499497  
...              ...       ...       ...       ...  
2025-03-25  0.403789  0.413656  0.392695  0.428049  
2025-03-26  0.360129  0.361008  0.371103  0.360894  
2025-03-27  0.331853  0.342827  0.344565  0.365027  
2025-03-28  0.285924  0.280733  0.293187  0.306018  
2025-03-31  0.292924  0.276403  0.273306  0.296602  

[1773 rows x 63 columns]","               Close      High       Low      Open    Volume  ...     LR_44  \
Date                                                          ...             
2018-03-13  0.013980  0.011648  0.009447  0.008247  0.001846  ...  0.419846   
2018-03-14  0.015125  0.013928  0.008302  0.010531  0.003472  ...  0.436771   
2018-03-15  0.015125  0.015067  0.010597  0.013953  0.009649  ...  0.436771   
2018-03-16  0.013980  0.015066  0.009447  0.012810  0.007671  ...  0.426597   
2018-03-19  0.011695  0.011649  0.010595  0.009388  0.000092  ...  0.426583   
...              ...       ...       ...       ...       ...  ...       ...   
2025-03-25  0.981299  0.977365  0.982564  0.975997  0.104834  ...  0.692648   
2025-03-26  0.979963  0.976033  0.981223  0.975997  0.051532  ...  0.692658   
2025-03-27  0.982635  0.978696  0.985246  0.979997  0.048952  ...  0.696123   
2025-03-28  0.998664  0.992011  0.993294  0.985331  0.093331  ...  0.723819   
2025-03-31  1.000000  1.000000  1.000000  1.000000  0.119276  ...  0.699375   

               LR_45     LR_46     LR_47     LR_48  
Date                                                
2018-03-13  0.416868  0.417966  0.421125  0.411987  
2018-03-14  0.416897  0.417991  0.431171  0.424993  
2018-03-15  0.430326  0.414605  0.427829  0.431477  
2018-03-16  0.426947  0.424762  0.421125  0.424965  
2018-03-19  0.413484  0.417952  0.427790  0.415208  
...              ...       ...       ...       ...  
2025-03-25  0.687900  0.684999  0.704832  0.740833  
2025-03-26  0.680968  0.685009  0.687555  0.693790  
2025-03-27  0.691351  0.688487  0.697898  0.687050  
2025-03-28  0.729267  0.733824  0.735669  0.730429  
2025-03-31  0.718826  0.733795  0.742555  0.730401  

[1773 rows x 63 columns]","               Close      High       Low      Open    Volume  ...     LR_44  \
Date                                                          ...             
2018-03-13  0.012394  0.013216  0.012678  0.014302  0.000633  ...  0.423071   
2018-03-14  0.011528  0.014937  0.010070  0.011713  0.021554  ...  0.427990   
2018-03-15  0.012394  0.013216  0.011810  0.012578  0.011979  ...  0.423071   
2018-03-16  0.008933  0.011487  0.010937  0.014297  0.006768  ...  0.420548   
2018-03-19  0.008933  0.011487  0.009199  0.009989  0.005772  ...  0.423022   
...              ...       ...       ...       ...       ...  ...       ...   
2025-03-25  0.977199  0.977270  0.982067  0.975289  0.048637  ...  0.692098   
2025-03-26  0.975216  0.975293  0.982066  0.975289  0.070872  ...  0.692117   
2025-03-27  0.979181  0.978259  0.984059  0.978254  0.036672  ...  0.702142   
2025-03-28  0.994051  0.992094  0.993024  0.985172  0.080080  ...  0.727100   
2025-03-31  1.000000  1.000000  1.000000  1.000000  0.091622  ...  0.711930   

               LR_45     LR_46     LR_47     LR_48  
Date                                                
2018-03-13  0.409600  0.408497  0.411024  0.410764  
2018-03-14  0.407138  0.406025  0.418217  0.408400  
2018-03-15  0.416939  0.408497  0.420637  0.420154  
2018-03-16  0.399760  0.405986  0.410967  0.410707  
2018-03-19  0.407099  0.398619  0.418178  0.410707  
...              ...       ...       ...       ...  
2025-03-25  0.683814  0.678753  0.697450  0.733778  
2025-03-26  0.671344  0.678772  0.680300  0.685794  
2025-03-27  0.686277  0.681225  0.694973  0.683355  
2025-03-28  0.723500  0.723604  0.724185  0.723881  
2025-03-31  0.725894  0.738535  0.743708  0.730964  

[1773 rows x 63 columns]","               Close      High       Low      Open    Volume  ...     LR_44  \
Date                                                          ...             
2018-03-13  0.136949  0.008881  0.137566  0.116858  0.003581  ...  0.452877   
2018-03-14  0.137316  0.008030  0.136821  0.116100  0.009255  ...  0.453960   
2018-03-15  0.137316  0.008030  0.137192  0.116478  0.023826  ...  0.453960   
2018-03-16  0.135842  0.006761  0.136453  0.116480  0.016594  ...  0.453228   
2018-03-19  0.136949  0.007185  0.134597  0.114590  0.099002  ...  0.455042   
...              ...       ...       ...       ...       ...  ...       ...   
2025-03-25  0.988350  0.987656  0.990098  0.986247  0.048623  ...  0.525777   
2025-03-26  0.985661  0.985599  0.989198  0.987164  0.026317  ...  0.527249   
2025-03-27  0.988350  0.985599  0.989198  0.985330  0.391445  ...  0.527959   
2025-03-28  0.997312  0.995886  0.997299  0.992665  0.172711  ...  0.531536   
2025-03-31  1.000000  1.000000  1.000000  1.000000  0.088537  ...  0.524984   

               LR_45     LR_46     LR_47     LR_48  
Date                                                
2018-03-13  0.453214  0.451277  0.449837  0.446928  
2018-03-14  0.451770  0.453078  0.449836  0.446574  
2018-03-15  0.452492  0.451280  0.451270  0.446216  
2018-03-16  0.451039  0.450551  0.448041  0.446210  
2018-03-19  0.452850  0.451638  0.449837  0.445504  
...              ...       ...       ...       ...  
2025-03-25  0.529511  0.528696  0.528637  0.539178  
2025-03-26  0.522241  0.526536  0.524321  0.522606  
2025-03-27  0.528053  0.523616  0.526469  0.522587  
2025-03-28  0.533819  0.534438  0.528571  0.529716  
2025-03-31  0.532342  0.535141  0.534322  0.526817  

[1773 rows x 63 columns]","               Close      High       Low      Open    Volume  ...     LR_44  \
Date                                                          ...             
2018-03-13  0.011754  0.011251  0.011740  0.012250  0.020947  ...  0.289222   
2018-03-14  0.011251  0.011754  0.012243  0.012250  0.022099  ...  0.281697   
2018-03-15  0.010748  0.011251  0.011740  0.012250  0.017595  ...  0.281657   
2018-03-16  0.012256  0.011753  0.012242  0.012752  0.118460  ...  0.296748   
2018-03-19  0.011754  0.012256  0.012243  0.012250  0.002833  ...  0.281657   
...              ...       ...       ...       ...       ...  ...       ...   
2025-03-25  0.995860  0.995860  0.995273  0.995862  0.333255  ...  0.723769   
2025-03-26  0.996451  0.995860  0.995864  0.995862  0.243733  ...  0.731295   
2025-03-27  0.997634  0.997043  0.996455  0.997044  0.293317  ...  0.731255   
2025-03-28  0.999409  0.999409  0.998819  0.999409  0.285878  ...  0.723730   
2025-03-31  1.000000  1.000000  1.000000  1.000000  0.314496  ...  0.716204   

               LR_45     LR_46     LR_47     LR_48  
Date                                                
2018-03-13  0.288038  0.287596  0.299471  0.296917  
2018-03-14  0.280732  0.280301  0.277784  0.289919  
2018-03-15  0.273426  0.273006  0.270555  0.268923  
2018-03-16  0.302611  0.294890  0.292242  0.289919  
2018-03-19  0.288038  0.294852  0.285013  0.282920  
...              ...       ...       ...       ...  
2025-03-25  0.724497  0.759857  0.760263  0.757008  
2025-03-26  0.717192  0.730679  0.760263  0.750009  
2025-03-27  0.731803  0.730679  0.738576  0.757008  
2025-03-28  0.739032  0.752524  0.745767  0.742974  
2025-03-31  0.717153  0.745191  0.752996  0.735976  

[1773 rows x 63 columns]","               Close      High       Low      Open    Volume  ...     LR_44  \
Date                                                          ...             
2018-03-13  0.082911  0.082880  0.083417  0.086860  0.175990  ...  0.635106   
2018-03-14  0.082340  0.077586  0.082399  0.083518  0.115837  ...  0.632836   
2018-03-15  0.081591  0.076910  0.082245  0.081296  0.087750  ...  0.634289   
2018-03-16  0.080486  0.075849  0.082399  0.080992  0.047424  ...  0.619853   
2018-03-19  0.070073  0.068162  0.067300  0.074506  0.190747  ...  0.573050   
...              ...       ...       ...       ...       ...  ...       ...   
2025-03-25  0.700340  0.694512  0.703510  0.697635  0.088050  ...  0.438236   
2025-03-26  0.656648  0.692378  0.665879  0.701856  0.144738  ...  0.386270   
2025-03-27  0.644004  0.659990  0.653758  0.653894  0.129573  ...  0.373554   
2025-03-28  0.585935  0.631592  0.596392  0.641309  0.206854  ...  0.338215   
2025-03-31  0.585466  0.582540  0.549228  0.560343  0.214819  ...  0.387904   

               LR_45     LR_46     LR_47     LR_48  
Date                                                
2018-03-13  0.635869  0.639739  0.640805  0.651529  
2018-03-14  0.627948  0.621541  0.635797  0.634144  
2018-03-15  0.625078  0.613013  0.617257  0.628580  
2018-03-16  0.625352  0.608950  0.607670  0.608966  
2018-03-19  0.578972  0.577280  0.572139  0.568060  
...              ...       ...       ...       ...  
2025-03-25  0.441082  0.454669  0.443852  0.475240  
2025-03-26  0.400724  0.396825  0.424027  0.409159  
2025-03-27  0.370453  0.378356  0.388628  0.411005  
2025-03-28  0.321649  0.311921  0.334777  0.340330  
2025-03-31  0.331216  0.308173  0.313778  0.331082  

[1773 rows x 63 columns]","               Close      High       Low      Open    Volume  ...     LR_44  \
Date                                                          ...             
2018-03-13  0.056055  0.056792  0.056796  0.058296  0.411397  ...  0.616595   
2018-03-14  0.056171  0.052025  0.055868  0.055025  0.261646  ...  0.630623   
2018-03-15  0.055977  0.052334  0.056677  0.054794  0.064547  ...  0.648172   
2018-03-16  0.055900  0.052025  0.057289  0.054486  0.115320  ...  0.640997   
2018-03-19  0.052398  0.049612  0.051031  0.052370  0.315171  ...  0.610685   
...              ...       ...       ...       ...       ...  ...       ...   
2025-03-25  0.791376  0.788639  0.804681  0.788717  0.055541  ...  0.325950   
2025-03-26  0.759738  0.780955  0.767494  0.780275  0.203216  ...  0.252706   
2025-03-27  0.742097  0.747491  0.752788  0.741767  0.190742  ...  0.227049   
2025-03-28  0.718989  0.736502  0.729462  0.732500  0.182313  ...  0.218832   
2025-03-31  0.716091  0.710268  0.701825  0.693498  0.200476  ...  0.360296   

               LR_45     LR_46     LR_47     LR_48  
Date                                                
2018-03-13  0.640844  0.643179  0.663817  0.664251  
2018-03-14  0.631628  0.634739  0.657125  0.644517  
2018-03-15  0.644000  0.623611  0.646365  0.635764  
2018-03-16  0.662874  0.636562  0.635747  0.625847  
2018-03-19  0.632165  0.632193  0.625497  0.591884  
...              ...       ...       ...       ...  
2025-03-25  0.354384  0.385414  0.398380  0.413646  
2025-03-26  0.282011  0.303503  0.342396  0.330285  
2025-03-27  0.227550  0.252969  0.279657  0.295719  
2025-03-28  0.191521  0.189924  0.218181  0.223695  
2025-03-31  0.216014  0.186907  0.186816  0.195637  

[1773 rows x 63 columns]","               Close      High       Low      Open    Volume  ...     LR_44  \
Date                                                          ...             
2018-03-13  0.200307  0.199107  0.209567  0.215175  0.029432  ...  0.592975   
2018-03-14  0.198541  0.193969  0.208163  0.211308  0.021588  ...  0.588147   
2018-03-15  0.198187  0.190862  0.207812  0.205800  0.128866  ...  0.590950   
2018-03-16  0.197834  0.188830  0.208865  0.203808  0.024654  ...  0.580142   
2018-03-19  0.188647  0.182974  0.194350  0.200526  0.084945  ...  0.552985   
...              ...       ...       ...       ...       ...  ...       ...   
2025-03-25  0.941355  0.943637  0.945328  0.944861  0.089462  ...  0.585099   
2025-03-26  0.923600  0.939952  0.926480  0.939910  0.056098  ...  0.563211   
2025-03-27  0.921313  0.928352  0.921935  0.921976  0.059072  ...  0.552887   
2025-03-28  0.893873  0.915387  0.898543  0.917158  0.070872  ...  0.527128   
2025-03-31  0.895891  0.897645  0.874348  0.879016  0.099550  ...  0.546947   

               LR_45     LR_46     LR_47     LR_48  
Date                                                
2018-03-13  0.581925  0.586305  0.594889  0.591845  
2018-03-14  0.577560  0.573678  0.581651  0.581578  
2018-03-15  0.575185  0.571678  0.571475  0.570948  
2018-03-16  0.577947  0.569280  0.569483  0.560970  
2018-03-19  0.552278  0.556909  0.552003  0.544219  
...              ...       ...       ...       ...  
2025-03-25  0.589358  0.596748  0.595167  0.608131  
2025-03-26  0.556526  0.567785  0.578709  0.568773  
2025-03-27  0.549096  0.548919  0.564091  0.566576  
2025-03-28  0.515513  0.517788  0.521782  0.529178  
2025-03-31  0.517524  0.511548  0.518331  0.514701  

[1773 rows x 63 columns]","               Close      High       Low      Open    Volume  ...     LR_44  \
Date                                                          ...             
2018-03-13  0.052011  0.049425  0.048506  0.051030  0.008346  ...  0.440733   
2018-03-14  0.056719  0.055577  0.048031  0.043902  0.004032  ...  0.465580   
2018-03-15  0.055776  0.053683  0.051818  0.052453  0.010956  ...  0.463437   
2018-03-16  0.051066  0.048002  0.048030  0.049602  0.020773  ...  0.453440   
2018-03-19  0.048713  0.049424  0.045190  0.041527  0.001724  ...  0.454815   
...              ...       ...       ...       ...       ...  ...       ...   
2025-03-25  0.695463  0.697157  0.692241  0.691316  0.239319  ...  0.711172   
2025-03-26  0.688490  0.691766  0.687926  0.691316  0.096242  ...  0.716534   
2025-03-27  0.690635  0.692305  0.689544  0.691857  0.080610  ...  0.726174   
2025-03-28  0.722281  0.723038  0.710038  0.709713  0.123686  ...  0.755180   
2025-03-31  0.730327  0.737595  0.724059  0.737308  0.152280  ...  0.731942   

               LR_45     LR_46     LR_47     LR_48  
Date                                                
2018-03-13  0.416170  0.427904  0.423233  0.413604  
2018-03-14  0.424374  0.439851  0.438112  0.418538  
2018-03-15  0.441327  0.439134  0.441457  0.425428  
2018-03-16  0.433114  0.449518  0.435311  0.423258  
2018-03-19  0.426421  0.445280  0.448733  0.420442  
...              ...       ...       ...       ...  
2025-03-25  0.713731  0.710630  0.721006  0.770427  
2025-03-26  0.689035  0.704905  0.694908  0.708359  
2025-03-27  0.707624  0.693837  0.701246  0.693720  
2025-03-28  0.759640  0.751123  0.728860  0.739602  
2025-03-31  0.756287  0.768540  0.753445  0.736465  

[1773 rows x 63 columns]","               Close      High       Low      Open    Volume  ...     LR_44  \
Date                                                          ...             
2018-03-13  0.023228  0.023654  0.022942  0.024695  0.010688  ...  0.424100   
2018-03-14  0.026243  0.026308  0.022942  0.021039  0.022466  ...  0.430624   
2018-03-15  0.024233  0.024649  0.023278  0.024031  0.007594  ...  0.427508   
2018-03-16  0.024904  0.023322  0.022271  0.021704  0.018523  ...  0.426596   
2018-03-19  0.021887  0.023321  0.021599  0.020042  0.012876  ...  0.424691   
...              ...       ...       ...       ...       ...  ...       ...   
2025-03-25  0.888741  0.883912  0.883844  0.877409  0.128392  ...  0.539545   
2025-03-26  0.877691  0.872971  0.878734  0.875723  0.097695  ...  0.540296   
2025-03-27  0.875991  0.866237  0.873623  0.866449  0.061692  ...  0.540962   
2025-03-28  0.898091  0.888962  0.890657  0.882466  0.052089  ...  0.553094   
2025-03-31  0.904891  0.896537  0.895767  0.895112  0.072709  ...  0.539399   

               LR_45     LR_46     LR_47     LR_48  
Date                                                
2018-03-13  0.422235  0.415441  0.408962  0.406101  
2018-03-14  0.424739  0.418862  0.414828  0.407352  
2018-03-15  0.426546  0.416685  0.413571  0.408513  
2018-03-16  0.425944  0.420985  0.413889  0.409725  
2018-03-19  0.421598  0.416950  0.414755  0.406676  
...              ...       ...       ...       ...  
2025-03-25  0.550374  0.545998  0.550371  0.573618  
2025-03-26  0.528473  0.535755  0.534283  0.534838  
2025-03-27  0.536248  0.520898  0.531060  0.525966  
2025-03-28  0.554794  0.546528  0.534066  0.540290  
2025-03-31  0.555353  0.553556  0.548199  0.531982  

[1773 rows x 63 columns]","               Close      High       Low      Open    Volume  ...     LR_44  \
Date                                                          ...             
2018-03-13  0.179947  0.169225  0.190864  0.183999  0.006689  ...  0.396557   
2018-03-14  0.191816  0.182560  0.197550  0.188820  0.008146  ...  0.421644   
2018-03-15  0.192282  0.184665  0.206311  0.201906  0.006053  ...  0.416053   
2018-03-16  0.191816  0.181156  0.202161  0.194330  0.037964  ...  0.407257   
2018-03-19  0.182739  0.177880  0.198933  0.192034  0.014321  ...  0.392720   
...              ...       ...       ...       ...       ...  ...       ...   
2025-03-25  0.441149  0.438663  0.449449  0.445182  0.205328  ...  0.514736   
2025-03-26  0.424973  0.427093  0.437739  0.441193  0.111828  ...  0.511009   
2025-03-27  0.417818  0.409269  0.427262  0.423088  0.134211  ...  0.511532   
2025-03-28  0.437105  0.428969  0.441437  0.441500  0.195632  ...  0.521561   
2025-03-31  0.446437  0.441789  0.447909  0.453467  0.500869  ...  0.510709   

               LR_45     LR_46     LR_47     LR_48  
Date                                                
2018-03-13  0.391236  0.391102  0.387515  0.391689  
2018-03-14  0.401339  0.404659  0.400086  0.392233  
2018-03-15  0.416145  0.404480  0.403260  0.394650  
2018-03-16  0.409717  0.418524  0.402254  0.397027  
2018-03-19  0.393162  0.404261  0.408407  0.388214  
...              ...       ...       ...       ...  
2025-03-25  0.526492  0.533459  0.535332  0.561008  
2025-03-26  0.495772  0.516768  0.516855  0.518231  
2025-03-27  0.499292  0.493168  0.507586  0.506780  
2025-03-28  0.521210  0.518218  0.505527  0.518875  
2025-03-31  0.523145  0.532116  0.522195  0.508657  

[1773 rows x 63 columns]","               Close      High       Low      Open    Volume  ...     LR_44  \
Date                                                          ...             
2018-03-13  0.266537  0.238469  0.258990  0.234135  0.000076  ...  0.367027   
2018-03-14  0.278835  0.249850  0.272298  0.246411  0.004440  ...  0.420151   
2018-03-15  0.278445  0.249488  0.277581  0.255075  0.000590  ...  0.420453   
2018-03-16  0.271808  0.244431  0.274060  0.250743  0.000520  ...  0.400210   
2018-03-19  0.269855  0.244250  0.270341  0.244966  0.002283  ...  0.392409   
...              ...       ...       ...       ...       ...  ...       ...   
2025-03-25  0.184444  0.163592  0.184001  0.165183  0.077203  ...  0.555676   
2025-03-26  0.176378  0.157665  0.178532  0.163209  0.129911  ...  0.551600   
2025-03-27  0.172346  0.150861  0.172349  0.156848  0.086299  ...  0.560640   
2025-03-28  0.190611  0.167982  0.188757  0.170009  0.134002  ...  0.584484   
2025-03-31  0.201049  0.180494  0.196129  0.187119  0.164954  ...  0.573728   

               LR_45     LR_46     LR_47     LR_48  
Date                                                
2018-03-13  0.345861  0.341330  0.353788  0.373880  
2018-03-14  0.368700  0.368397  0.372439  0.384365  
2018-03-15  0.399426  0.370157  0.379308  0.382549  
2018-03-16  0.389391  0.389830  0.371021  0.379370  
2018-03-19  0.377411  0.387612  0.398434  0.378625  
...              ...       ...       ...       ...  
2025-03-25  0.550992  0.549518  0.571789  0.619117  
2025-03-26  0.517791  0.532833  0.549014  0.567551  
2025-03-27  0.520926  0.507663  0.539080  0.551790  
2025-03-28  0.569203  0.548757  0.552114  0.580156  
2025-03-31  0.578387  0.581780  0.579952  0.579514  

[1773 rows x 63 columns]","               Close      High       Low      Open    Volume  ...     LR_44  \
Date                                                          ...             
2018-03-13  0.481190  0.389981  0.515067  0.492018  0.053044  ...  0.561134   
2018-03-14  0.482190  0.389391  0.516008  0.495915  0.060789  ...  0.558248   
2018-03-15  0.484191  0.395290  0.519772  0.498350  0.027470  ...  0.562245   
2018-03-16  0.484691  0.392931  0.519773  0.497864  0.029930  ...  0.558273   
2018-03-19  0.482690  0.391160  0.517419  0.499324  0.040641  ...  0.559336   
...              ...       ...       ...       ...       ...  ...       ...   
2025-03-25  0.899001  0.890041  0.911033  0.907683  0.047047  ...  0.544666   
2025-03-26  0.882858  0.883116  0.895154  0.901250  0.067863  ...  0.540109   
2025-03-27  0.876988  0.861475  0.885489  0.884095  0.095681  ...  0.536558   
2025-03-28  0.864514  0.859743  0.876514  0.884810  0.064975  ...  0.525107   
2025-03-31  0.855708  0.838968  0.868919  0.861223  0.161204  ...  0.512019   

               LR_45     LR_46     LR_47     LR_48  
Date                                                
2018-03-13  0.562379  0.558126  0.551823  0.549501  
2018-03-14  0.560575  0.558494  0.551471  0.547730  
2018-03-15  0.558425  0.557426  0.552555  0.548096  
2018-03-16  0.561319  0.554195  0.550418  0.548100  
2018-03-19  0.555524  0.555255  0.545418  0.544190  
...              ...       ...       ...       ...  
2025-03-25  0.558922  0.557349  0.548698  0.568758  
2025-03-26  0.533700  0.544672  0.540424  0.534427  
2025-03-27  0.535308  0.525702  0.533939  0.532234  
2025-03-28  0.527743  0.523303  0.511199  0.521867  
2025-03-31  0.518511  0.517965  0.510991  0.501447  

[1773 rows x 63 columns]","               Close      High       Low      Open    Volume  ...     LR_44  \
Date                                                          ...             
2018-03-13  0.443130  0.430668  0.459067  0.451570  0.028988  ...  0.497209   
2018-03-14  0.449638  0.437646  0.462406  0.452093  0.045688  ...  0.507799   
2018-03-15  0.447295  0.433351  0.463177  0.453402  0.027518  ...  0.512039   
2018-03-16  0.447034  0.432008  0.461635  0.451046  0.019075  ...  0.509286   
2018-03-19  0.434799  0.429057  0.450331  0.442151  0.045104  ...  0.498021   
...              ...       ...       ...       ...       ...  ...       ...   
2025-03-25  0.838510  0.836873  0.842387  0.836716  0.132478  ...  0.593110   
2025-03-26  0.819578  0.830492  0.830530  0.841839  0.312641  ...  0.587215   
2025-03-27  0.812297  0.812849  0.824422  0.818787  0.192069  ...  0.583253   
2025-03-28  0.815938  0.817354  0.824063  0.829032  0.171466  ...  0.582149   
2025-03-31  0.823219  0.818855  0.822266  0.816225  0.221917  ...  0.580828   

               LR_45     LR_46     LR_47     LR_48  
Date                                                
2018-03-13  0.494168  0.498911  0.497765  0.495940  
2018-03-14  0.502183  0.502186  0.497073  0.501197  
2018-03-15  0.506746  0.504197  0.494288  0.494516  
2018-03-16  0.512402  0.510242  0.497690  0.493153  
2018-03-19  0.501479  0.507700  0.495500  0.488414  
...              ...       ...       ...       ...  
2025-03-25  0.607120  0.615717  0.605628  0.626750  
2025-03-26  0.582252  0.600378  0.596673  0.592805  
2025-03-27  0.583357  0.582312  0.588509  0.590853  
2025-03-28  0.586000  0.590107  0.577257  0.589295  
2025-03-31  0.587092  0.595000  0.587153  0.580279  

[1773 rows x 63 columns]","               Close      High       Low      Open    Volume  ...     LR_44  \
Date                                                          ...             
2018-03-13  0.170425  0.167754  0.177740  0.169125  0.014190  ...  0.626204   
2018-03-14  0.164835  0.163337  0.172506  0.166312  0.015703  ...  0.611903   
2018-03-15  0.165034  0.157434  0.172764  0.160081  0.009300  ...  0.610380   
2018-03-16  0.165833  0.159301  0.172783  0.158674  0.006957  ...  0.601681   
2018-03-19  0.161241  0.154904  0.164852  0.157870  0.005111  ...  0.579538   
...              ...       ...       ...       ...       ...  ...       ...   
2025-03-25  0.906016  0.904839  0.903737  0.899481  0.194988  ...  0.548714   
2025-03-26  0.900358  0.909733  0.899692  0.906088  0.160353  ...  0.542943   
2025-03-27  0.896358  0.897321  0.892835  0.895691  0.150093  ...  0.536180   
2025-03-28  0.869082  0.891035  0.870647  0.891801  0.277194  ...  0.519110   
2025-03-31  0.880674  0.879264  0.855750  0.856108  0.145148  ...  0.527030   

               LR_45     LR_46     LR_47     LR_48  
Date                                                
2018-03-13  0.621773  0.631418  0.645551  0.640980  
2018-03-14  0.612050  0.613675  0.629205  0.627108  
2018-03-15  0.608620  0.614837  0.622506  0.621996  
2018-03-16  0.608226  0.612484  0.624840  0.616502  
2018-03-19  0.589361  0.601684  0.611983  0.608417  
...              ...       ...       ...       ...  
2025-03-25  0.553829  0.560675  0.572733  0.587097  
2025-03-26  0.540263  0.550001  0.563683  0.560638  
2025-03-27  0.535903  0.537574  0.554368  0.553098  
2025-03-28  0.508876  0.512401  0.520947  0.523134  
2025-03-31  0.525661  0.519366  0.530440  0.524578  

[1773 rows x 63 columns]","               Close      High       Low      Open    Volume  ...     LR_44  \
Date                                                          ...             
2018-03-13  0.089485  0.046708  0.095551  0.060497  0.009685  ...  0.412615   
2018-03-14  0.096939  0.051425  0.097807  0.053492  0.005755  ...  0.428733   
2018-03-15  0.096616  0.052100  0.104255  0.060498  0.006199  ...  0.427438   
2018-03-16  0.095966  0.048055  0.099097  0.058496  0.004209  ...  0.421504   
2018-03-19  0.089163  0.046710  0.096197  0.051493  0.003930  ...  0.413380   
...              ...       ...       ...       ...       ...  ...       ...   
2025-03-25  0.755591  0.739893  0.756133  0.738540  0.056892  ...  0.531064   
2025-03-26  0.741645  0.727950  0.747972  0.731785  0.059293  ...  0.529436   
2025-03-27  0.740004  0.717714  0.741444  0.721652  0.046805  ...  0.531156   
2025-03-28  0.759694  0.739893  0.756133  0.738540  0.129751  ...  0.539566   
2025-03-31  0.767077  0.750129  0.762662  0.757117  0.110685  ...  0.528732   

               LR_45     LR_46     LR_47     LR_48  
Date                                                
2018-03-13  0.407942  0.403936  0.404937  0.400740  
2018-03-14  0.414042  0.412888  0.409433  0.404482  
2018-03-15  0.423843  0.412623  0.411971  0.402690  
2018-03-16  0.422276  0.422176  0.411446  0.404968  
2018-03-19  0.411287  0.415558  0.415886  0.399458  
...              ...       ...       ...       ...  
2025-03-25  0.540448  0.541838  0.543274  0.563292  
2025-03-26  0.517118  0.529902  0.529811  0.527538  
2025-03-27  0.523973  0.515031  0.526429  0.522446  
2025-03-28  0.540410  0.536641  0.526301  0.533613  
2025-03-31  0.540343  0.544591  0.539201  0.525072  

[1773 rows x 63 columns]","               Close      High       Low      Open    Volume  ...     LR_44  \
Date                                                          ...             
2018-03-13  0.065887  0.064725  0.066463  0.065576  0.215013  ...  0.613709   
2018-03-14  0.065858  0.060540  0.065088  0.063701  0.066056  ...  0.627184   
2018-03-15  0.065646  0.060568  0.065985  0.062883  0.033382  ...  0.642746   
2018-03-16  0.065533  0.060300  0.067013  0.062333  0.031190  ...  0.633952   
2018-03-19  0.060323  0.057486  0.058110  0.059387  0.131680  ...  0.600036   
...              ...       ...       ...       ...       ...  ...       ...   
2025-03-25  0.726064  0.725375  0.739785  0.723582  0.053289  ...  0.345788   
2025-03-26  0.699905  0.717838  0.706490  0.715247  0.178496  ...  0.286894   
2025-03-27  0.682024  0.685772  0.692181  0.681772  0.175654  ...  0.262064   
2025-03-28  0.655134  0.672982  0.664404  0.670022  0.208817  ...  0.247758   
2025-03-31  0.652801  0.645849  0.639527  0.630899  0.192747  ...  0.356521   

               LR_45     LR_46     LR_47     LR_48  
Date                                                
2018-03-13  0.625069  0.622700  0.644662  0.644605  
2018-03-14  0.613876  0.614743  0.636600  0.620339  
2018-03-15  0.626742  0.602949  0.627477  0.611442  
2018-03-16  0.643206  0.615941  0.615869  0.602935  
2018-03-19  0.607598  0.606104  0.602680  0.565264  
...              ...       ...       ...       ...  
2025-03-25  0.355905  0.390979  0.400736  0.406340  
2025-03-26  0.299232  0.314502  0.358622  0.340055  
2025-03-27  0.250877  0.271136  0.292039  0.310313  
2025-03-28  0.210185  0.209374  0.232277  0.229543  
2025-03-31  0.235026  0.208224  0.208243  0.209460  

[1773 rows x 63 columns]","               Close      High       Low      Open    Volume  ...     LR_44  \
Date                                                          ...             
2018-03-13  0.557885  0.557085  0.563386  0.569644  0.081119  ...  0.612225   
2018-03-14  0.562268  0.555967  0.566863  0.569207  0.190977  ...  0.613168   
2018-03-15  0.561392  0.553506  0.567515  0.563743  0.036954  ...  0.616772   
2018-03-16  0.552187  0.543661  0.560343  0.554126  0.071201  ...  0.600292   
2018-03-19  0.544735  0.537173  0.547304  0.551504  0.116948  ...  0.578997   
...              ...       ...       ...       ...       ...  ...       ...   
2025-03-25  0.847080  0.841851  0.849589  0.845600  0.226966  ...  0.682933   
2025-03-26  0.826910  0.831827  0.830905  0.836337  0.178819  ...  0.673585   
2025-03-27  0.828768  0.827221  0.829589  0.824427  0.195775  ...  0.668243   
2025-03-28  0.813109  0.813675  0.816957  0.819399  0.065611  ...  0.649719   
2025-03-31  0.792408  0.786312  0.788009  0.788963  0.445795  ...  0.634807   

               LR_45     LR_46     LR_47     LR_48  
Date                                                
2018-03-13  0.608211  0.606975  0.612534  0.605279  
2018-03-14  0.611026  0.605261  0.608156  0.600042  
2018-03-15  0.607455  0.603573  0.601971  0.591428  
2018-03-16  0.603877  0.592870  0.593180  0.578495  
2018-03-19  0.588988  0.590765  0.583982  0.571363  
...              ...       ...       ...       ...  
2025-03-25  0.699563  0.697580  0.702431  0.703198  
2025-03-26  0.662934  0.678182  0.680222  0.669824  
2025-03-27  0.669517  0.657459  0.676667  0.663553  
2025-03-28  0.651494  0.651334  0.643391  0.647799  
2025-03-31  0.629284  0.629535  0.633492  0.611734  

[1773 rows x 63 columns]","               Close      High       Low      Open    Volume  ...     LR_44  \
Date                                                          ...             
2018-03-13  0.171396  0.147375  0.197346  0.174091  0.001799  ...  0.704344   
2018-03-14  0.171876  0.146438  0.195939  0.173612  0.001907  ...  0.705280   
2018-03-15  0.173796  0.154381  0.195939  0.181739  0.003886  ...  0.708548   
2018-03-16  0.172356  0.151421  0.195939  0.175047  0.009124  ...  0.704791   
2018-03-19  0.156032  0.143033  0.172033  0.170744  0.012504  ...  0.671321   
...              ...       ...       ...       ...       ...  ...       ...   
2025-03-25  0.831574  0.822461  0.836515  0.825208  0.243896  ...  0.468618   
2025-03-26  0.819425  0.822461  0.826809  0.827957  0.225603  ...  0.441687   
2025-03-27  0.817216  0.815083  0.823574  0.814760  0.253960  ...  0.436321   
2025-03-28  0.792917  0.806570  0.800928  0.811460  0.317065  ...  0.408995   
2025-03-31  0.794021  0.786139  0.771812  0.771868  0.476860  ...  0.445179   

               LR_45     LR_46     LR_47     LR_48  
Date                                                
2018-03-13  0.711175  0.701365  0.707069  0.712360  
2018-03-14  0.709247  0.700406  0.703241  0.706605  
2018-03-15  0.713013  0.701289  0.705079  0.705581  
2018-03-16  0.709711  0.698508  0.699423  0.700869  
2018-03-19  0.676507  0.666274  0.667393  0.665959  
...              ...       ...       ...       ...  
2025-03-25  0.479885  0.484346  0.479613  0.521963  
2025-03-26  0.455580  0.456400  0.468054  0.462607  
2025-03-27  0.441154  0.444946  0.452462  0.463639  
2025-03-28  0.407230  0.402642  0.412579  0.419678  
2025-03-31  0.412519  0.401524  0.402486  0.412357  

[1773 rows x 63 columns]","               Close      High       Low      Open    Volume  ...     LR_44  \
Date                                                          ...             
2018-03-13  0.072847  0.070675  0.089941  0.084918  0.024446  ...  0.608444   
2018-03-14  0.074171  0.068098  0.090317  0.081531  0.004923  ...  0.616673   
2018-03-15  0.075116  0.069014  0.090505  0.082660  0.002175  ...  0.620150   
2018-03-16  0.073603  0.070484  0.091257  0.084353  0.006717  ...  0.600373   
2018-03-19  0.065659  0.062848  0.078684  0.078520  0.024083  ...  0.573051   
...              ...       ...       ...       ...       ...  ...       ...   
2025-03-25  0.898877  0.902102  0.902455  0.892554  0.133678  ...  0.518231   
2025-03-26  0.876055  0.898131  0.884529  0.899796  0.135663  ...  0.479751   
2025-03-27  0.856262  0.872593  0.865195  0.874823  0.174917  ...  0.463443   
2025-03-28  0.832259  0.853132  0.836653  0.851923  0.345998  ...  0.436336   
2025-03-31  0.824585  0.825329  0.808892  0.816497  0.243273  ...  0.456938   

               LR_45     LR_46     LR_47     LR_48  
Date                                                
2018-03-13  0.626779  0.607406  0.615081  0.608355  
2018-03-14  0.619558  0.609384  0.611860  0.600534  
2018-03-15  0.626805  0.601126  0.612769  0.596299  
2018-03-16  0.623424  0.601476  0.597689  0.590429  
2018-03-19  0.585178  0.579924  0.579908  0.557596  
...              ...       ...       ...       ...  
2025-03-25  0.555680  0.535491  0.537733  0.541418  
2025-03-26  0.500606  0.510901  0.512586  0.496800  
2025-03-27  0.464557  0.458875  0.490895  0.474730  
2025-03-28  0.443116  0.418029  0.434104  0.448418  
2025-03-31  0.433412  0.414296  0.410952  0.409643  

[1773 rows x 63 columns]","               Close      High       Low      Open    Volume  ...     LR_44  \
Date                                                          ...             
2018-03-13  0.252422  0.240572  0.259325  0.243591  0.000000  ...  0.598841   
2018-03-14  0.264092  0.252898  0.271100  0.256072  0.000027  ...  0.614201   
2018-03-15  0.264092  0.252282  0.271100  0.255448  0.000000  ...  0.614201   
2018-03-16  0.264092  0.252282  0.271100  0.255448  0.000000  ...  0.604766   
2018-03-19  0.264092  0.252282  0.271100  0.255448  0.000000  ...  0.594050   
...              ...       ...       ...       ...       ...  ...       ...   
2025-03-25  0.798806  0.795679  0.805879  0.803333  0.194300  ...  0.497578   
2025-03-26  0.797764  0.801086  0.805704  0.805099  0.143314  ...  0.500550   
2025-03-27  0.792106  0.791581  0.799273  0.797966  0.292000  ...  0.492475   
2025-03-28  0.770803  0.783871  0.776546  0.791934  0.195817  ...  0.477832   
2025-03-31  0.774645  0.770555  0.762592  0.758935  0.202291  ...  0.486337   

               LR_45     LR_46     LR_47     LR_48  
Date                                                
2018-03-13  0.599223  0.589175  0.616228  0.630962  
2018-03-14  0.618044  0.604083  0.627303  0.650938  
2018-03-15  0.614568  0.604083  0.623216  0.642427  
2018-03-16  0.614568  0.600590  0.623216  0.638196  
2018-03-19  0.605142  0.600590  0.619652  0.638196  
...              ...       ...       ...       ...  
2025-03-25  0.511738  0.499227  0.519711  0.552539  
2025-03-26  0.497135  0.496322  0.515297  0.530069  
2025-03-27  0.496017  0.477538  0.508142  0.521160  
2025-03-28  0.473878  0.462273  0.474551  0.498818  
2025-03-31  0.481796  0.462683  0.482095  0.487975  

[1773 rows x 63 columns]","               Close      High       Low      Open    Volume  ...     LR_44  \
Date                                                          ...             
2018-03-13  0.017304  0.012366  0.073790  0.017357  0.008371  ...  0.528243   
2018-03-14  0.016462  0.012366  0.073791  0.016514  0.033999  ...  0.526098   
2018-03-15  0.017724  0.012366  0.073790  0.016514  0.007778  ...  0.529314   
2018-03-16  0.017304  0.012366  0.074584  0.015670  0.005234  ...  0.523952   
2018-03-19  0.016462  0.012366  0.074584  0.015670  0.003942  ...  0.521807   
...              ...       ...       ...       ...       ...  ...       ...   
2025-03-25  0.992756  0.744159  0.993174  0.992743  0.029609  ...  0.599874   
2025-03-26  0.992254  0.744159  0.994122  0.992743  0.087470  ...  0.598806   
2025-03-27  0.992756  0.744913  0.995070  0.993750  0.079968  ...  0.597726   
2025-03-28  0.996774  0.747930  0.997913  0.996772  0.089065  ...  0.599862   
2025-03-31  1.000000  0.750355  1.000000  1.000000  0.159779  ...  0.600310   

               LR_45     LR_46     LR_47     LR_48  
Date                                                
2018-03-13  0.528668  0.530889  0.525479  0.526373  
2018-03-14  0.524345  0.524466  0.527612  0.522124  
2018-03-15  0.527583  0.525533  0.526547  0.529553  
2018-03-16  0.526505  0.524463  0.523338  0.524249  
2018-03-19  0.520025  0.522320  0.521200  0.519996  
...              ...       ...       ...       ...  
2025-03-25  0.598631  0.600308  0.603310  0.610099  
2025-03-26  0.597556  0.594950  0.597956  0.600525  
2025-03-27  0.598631  0.596016  0.594738  0.597321  
2025-03-28  0.605108  0.604588  0.603292  0.601564  
2025-03-31  0.605553  0.609322  0.610156  0.608385  

[1773 rows x 63 columns]","               Close      High       Low      Open    Volume  ...     LR_44  \
Date                                                          ...             
2018-03-13  0.527018  0.545583  0.534143  0.548755  0.101856  ...  0.466564   
2018-03-14  0.535660  0.537417  0.537453  0.539065  0.063700  ...  0.476286   
2018-03-15  0.548388  0.551393  0.553212  0.550318  0.062911  ...  0.496975   
2018-03-16  0.549959  0.546368  0.555261  0.546254  0.056204  ...  0.495388   
2018-03-19  0.533146  0.537260  0.536822  0.542034  0.055767  ...  0.454370   
...              ...       ...       ...       ...       ...  ...       ...   
2025-03-25  0.390915  0.398405  0.400879  0.396522  0.241365  ...  0.690855   
2025-03-26  0.390915  0.393228  0.397296  0.394213  0.168271  ...  0.696728   
2025-03-27  0.405382  0.404296  0.405895  0.397055  0.056636  ...  0.718420   
2025-03-28  0.383235  0.386623  0.391922  0.391725  0.046364  ...  0.654611   
2025-03-31  0.380198  0.377341  0.380278  0.375379  0.067483  ...  0.640330   

               LR_45     LR_46     LR_47     LR_48  
Date                                                
2018-03-13  0.479882  0.491338  0.468376  0.476495  
2018-03-14  0.483595  0.492120  0.470528  0.476186  
2018-03-15  0.497977  0.500442  0.476271  0.483110  
2018-03-16  0.505163  0.501519  0.471302  0.475295  
2018-03-19  0.481723  0.487102  0.449844  0.448306  
...              ...       ...       ...       ...  
2025-03-25  0.703872  0.728784  0.708689  0.715543  
2025-03-26  0.695145  0.701863  0.709611  0.701014  
2025-03-27  0.720672  0.712653  0.701656  0.721862  
2025-03-28  0.692120  0.688608  0.661340  0.663476  
2025-03-31  0.655075  0.686193  0.662997  0.650391  

[1773 rows x 63 columns]","               Close      High       Low      Open    Volume  ...     LR_44  \
Date                                                          ...             
2018-03-13  0.275469  0.273473  0.282577  0.278270  0.115891  ...  0.495273   
2018-03-14  0.273872  0.262523  0.278989  0.273820  0.075855  ...  0.461755   
2018-03-15  0.261216  0.259065  0.267534  0.275646  0.073086  ...  0.437608   
2018-03-16  0.262014  0.249959  0.270658  0.257390  0.148962  ...  0.433797   
2018-03-19  0.236245  0.239355  0.234324  0.249746  0.186473  ...  0.388324   
...              ...       ...       ...       ...       ...  ...       ...   
2025-03-25  0.519903  0.530892  0.524088  0.544241  0.033057  ...  0.373333   
2025-03-26  0.498662  0.501089  0.509364  0.516018  0.011739  ...  0.347615   
2025-03-27  0.503769  0.495222  0.513251  0.495576  0.030762  ...  0.329188   
2025-03-28  0.488796  0.488064  0.499234  0.498247  0.057597  ...  0.324203   
2025-03-31  0.461056  0.449344  0.440456  0.453530  0.082564  ...  0.279898   

               LR_45     LR_46     LR_47     LR_48  
Date                                                
2018-03-13  0.493010  0.472426  0.467557  0.481489  
2018-03-14  0.514014  0.472500  0.479505  0.455618  
2018-03-15  0.464837  0.478494  0.464968  0.452961  
2018-03-16  0.458101  0.448297  0.488834  0.456182  
2018-03-19  0.418124  0.406813  0.422538  0.444507  
...              ...       ...       ...       ...  
2025-03-25  0.435518  0.414935  0.417216  0.431229  
2025-03-26  0.367190  0.395633  0.399484  0.383928  
2025-03-27  0.370567  0.358238  0.409170  0.395495  
2025-03-28  0.328862  0.339399  0.348620  0.382713  
2025-03-31  0.308780  0.284474  0.314688  0.307581  

[1773 rows x 63 columns]","               Close      High       Low      Open    Volume  ...     LR_44  \
Date                                                          ...             
2018-03-13  0.451549  0.452161  0.461737  0.467054  0.012384  ...  0.607514   
2018-03-14  0.455872  0.446867  0.463178  0.461782  0.007889  ...  0.612335   
2018-03-15  0.455295  0.444514  0.463754  0.455046  0.052215  ...  0.615873   
2018-03-16  0.452701  0.438338  0.463466  0.450654  0.010546  ...  0.604003   
2018-03-19  0.439154  0.428044  0.444730  0.443625  0.020909  ...  0.575970   
...              ...       ...       ...       ...       ...  ...       ...   
2025-03-25  0.984666  0.981153  0.993030  0.987253  0.043880  ...  0.735863   
2025-03-26  0.963058  0.971197  0.971423  0.983712  0.229937  ...  0.721193   
2025-03-27  0.967589  0.965863  0.965498  0.967778  0.078146  ...  0.715338   
2025-03-28  0.943891  0.950217  0.952604  0.963883  0.038013  ...  0.689277   
2025-03-31  0.930996  0.926747  0.921936  0.924224  0.052881  ...  0.687331   

               LR_45     LR_46     LR_47     LR_48  
Date                                                
2018-03-13  0.601828  0.605012  0.616973  0.606946  
2018-03-14  0.606350  0.598572  0.610185  0.602046  
2018-03-15  0.606043  0.597970  0.598671  0.590555  
2018-03-16  0.607468  0.595552  0.595970  0.577398  
2018-03-19  0.584076  0.585441  0.582078  0.563689  
...              ...       ...       ...       ...  
2025-03-25  0.754404  0.754776  0.759120  0.752242  
2025-03-26  0.713423  0.730019  0.738202  0.719040  
2025-03-27  0.718919  0.709186  0.733625  0.718220  
2025-03-28  0.691135  0.692742  0.691041  0.692689  
2025-03-31  0.673402  0.673259  0.682943  0.659531  

[1773 rows x 63 columns]","               Close      High       Low      Open    Volume  ...     LR_44  \
Date                                                          ...             
2018-03-13  0.277522  0.281415  0.283785  0.282380  0.031387  ...  0.534306   
2018-03-14  0.277996  0.277730  0.282402  0.280946  0.010028  ...  0.525047   
2018-03-15  0.276574  0.275462  0.282879  0.281424  0.002317  ...  0.516606   
2018-03-16  0.281312  0.279997  0.282879  0.279990  0.003004  ...  0.525162   
2018-03-19  0.276574  0.282832  0.281734  0.289550  0.011995  ...  0.505767   
...              ...       ...       ...       ...       ...  ...       ...   
2025-03-25  0.698494  0.699642  0.705363  0.709348  0.067953  ...  0.543994   
2025-03-26  0.697572  0.700101  0.709076  0.706557  0.060811  ...  0.546182   
2025-03-27  0.701260  0.697803  0.703506  0.699116  0.050235  ...  0.553890   
2025-03-28  0.696649  0.695044  0.702578  0.706557  0.066751  ...  0.548376   
2025-03-31  0.712325  0.711595  0.712325  0.711208  0.145399  ...  0.593693   

               LR_45     LR_46     LR_47     LR_48  
Date                                                
2018-03-13  0.527974  0.529683  0.534997  0.543192  
2018-03-14  0.529673  0.536416  0.535011  0.535687  
2018-03-15  0.517008  0.534697  0.538358  0.532312  
2018-03-16  0.519690  0.533144  0.547796  0.546608  
2018-03-19  0.511149  0.518784  0.529052  0.538986  
...              ...       ...       ...       ...  
2025-03-25  0.535211  0.536263  0.536421  0.554598  
2025-03-26  0.537387  0.541682  0.539679  0.535152  
2025-03-27  0.545074  0.549340  0.550677  0.543809  
2025-03-28  0.542863  0.547127  0.548438  0.544830  
2025-03-31  0.561493  0.568990  0.570478  0.566525  

[1773 rows x 63 columns]","               Close      High       Low      Open    Volume  ...     LR_44  \
Date                                                          ...             
2018-03-13  0.494494  0.489685  0.503974  0.492827  0.012878  ...  0.671657   
2018-03-14  0.479190  0.476733  0.488719  0.480320  0.006208  ...  0.646987   
2018-03-15  0.479885  0.463060  0.486965  0.466027  0.018302  ...  0.636223   
2018-03-16  0.483016  0.472055  0.493629  0.463883  0.005304  ...  0.632317   
2018-03-19  0.476821  0.463337  0.477701  0.465403  0.015394  ...  0.619425   
...              ...       ...       ...       ...       ...  ...       ...   
2025-03-25  0.854959  0.852420  0.860541  0.848167  0.037901  ...  0.552693   
2025-03-26  0.843427  0.863245  0.853435  0.853432  0.044355  ...  0.553271   
2025-03-27  0.823993  0.829666  0.832764  0.828640  0.055575  ...  0.534485   
2025-03-28  0.790892  0.818621  0.796804  0.811747  0.072035  ...  0.507831   
2025-03-31  0.808403  0.802936  0.781731  0.764795  0.048433  ...  0.515980   

               LR_45     LR_46     LR_47     LR_48  
Date                                                
2018-03-13  0.683690  0.677319  0.707131  0.714728  
2018-03-14  0.670741  0.661408  0.683110  0.695675  
2018-03-15  0.660411  0.663410  0.682067  0.686541  
2018-03-16  0.651664  0.655415  0.686363  0.687791  
2018-03-19  0.638888  0.637998  0.669567  0.683297  
...              ...       ...       ...       ...  
2025-03-25  0.571635  0.576098  0.593766  0.634095  
2025-03-26  0.555137  0.556334  0.587750  0.587988  
2025-03-27  0.550129  0.534366  0.562297  0.576305  
2025-03-28  0.520884  0.519461  0.530249  0.540656  
2025-03-31  0.529625  0.526241  0.551296  0.544656  

[1773 rows x 63 columns]","               Close      High       Low      Open    Volume  ...     LR_44  \
Date                                                          ...             
2018-03-13  0.299034  0.233166  0.312027  0.308267  0.066916  ...  0.526758   
2018-03-14  0.293989  0.232553  0.309278  0.304928  0.031685  ...  0.525453   
2018-03-15  0.288382  0.222110  0.303781  0.296578  0.035828  ...  0.524122   
2018-03-16  0.289503  0.220882  0.303231  0.292126  0.045560  ...  0.515628   
2018-03-19  0.286139  0.216582  0.301032  0.293796  0.009017  ...  0.512654   
...              ...       ...       ...       ...       ...  ...       ...   
2025-03-25  0.996771  0.997347  0.999208  0.998397  0.042658  ...  0.585080   
2025-03-26  0.988697  0.992924  0.988126  0.996794  0.020752  ...  0.582110   
2025-03-27  0.984660  0.983195  0.986543  0.989580  0.042578  ...  0.576169   
2025-03-28  0.983853  0.983195  0.983377  0.988779  0.026207  ...  0.572612   
2025-03-31  0.986275  0.982310  0.980210  0.978360  0.047937  ...  0.570852   

               LR_45     LR_46     LR_47     LR_48  
Date                                                
2018-03-13  0.523579  0.511073  0.519244  0.524388  
2018-03-14  0.516036  0.505338  0.503620  0.514235  
2018-03-15  0.514127  0.497340  0.497360  0.497966  
2018-03-16  0.519857  0.502395  0.496302  0.498560  
2018-03-19  0.506664  0.503393  0.496726  0.492907  
...              ...       ...       ...       ...  
2025-03-25  0.584274  0.571252  0.572290  0.586573  
2025-03-26  0.573609  0.564271  0.562500  0.566831  
2025-03-27  0.573599  0.556703  0.558465  0.559886  
2025-03-28  0.570044  0.559026  0.553287  0.558150  
2025-03-31  0.568871  0.557870  0.557892  0.555270  

[1773 rows x 63 columns]","               Close      High       Low      Open    Volume  ...     LR_44  \
Date                                                          ...             
2018-03-13  0.055635  0.058681  0.059479  0.058153  0.002498  ...  0.363226   
2018-03-14  0.056866  0.060443  0.055089  0.046360  0.001707  ...  0.378977   
2018-03-15  0.059681  0.058684  0.062116  0.057803  0.002447  ...  0.375765   
2018-03-16  0.059505  0.056924  0.057023  0.055164  0.000790  ...  0.374114   
2018-03-19  0.054231  0.056748  0.055091  0.046362  0.004536  ...  0.370358   
...              ...       ...       ...       ...       ...  ...       ...   
2025-03-25  0.988960  0.988945  0.991176  0.988945  0.255664  ...  0.501823   
2025-03-26  0.986752  0.991155  0.991176  0.991155  0.213996  ...  0.501830   
2025-03-27  0.991167  0.988944  0.991175  0.984522  0.307118  ...  0.503350   
2025-03-28  0.997792  0.997789  0.995588  0.991155  0.489360  ...  0.506394   
2025-03-31  1.000000  1.000000  1.000000  1.000000  0.354953  ...  0.501788   

               LR_45     LR_46     LR_47     LR_48  
Date                                                
2018-03-13  0.369207  0.357394  0.353202  0.351353  
2018-03-14  0.365851  0.361420  0.355761  0.350958  
2018-03-15  0.382806  0.359446  0.361188  0.354830  
2018-03-16  0.377022  0.373775  0.356589  0.357592  
2018-03-19  0.370938  0.363553  0.366516  0.348692  
...              ...       ...       ...       ...  
2025-03-25  0.503347  0.494314  0.493698  0.495338  
2025-03-26  0.500317  0.492805  0.490664  0.486385  
2025-03-27  0.504856  0.494306  0.493694  0.487869  
2025-03-28  0.507865  0.500343  0.496712  0.492328  
2025-03-31  0.507856  0.500333  0.499747  0.492318  

[1773 rows x 63 columns]","               Close      High       Low      Open    Volume  ...     LR_44  \
Date                                                          ...             
2018-03-13  0.703827  0.664214  0.717530  0.699769  0.000283  ...  0.514854   
2018-03-14  0.705209  0.668094  0.739183  0.711590  0.000215  ...  0.516290   
2018-03-15  0.707973  0.668956  0.742135  0.721518  0.000137  ...  0.514273   
2018-03-16  0.713040  0.668524  0.746564  0.722937  0.000093  ...  0.530360   
2018-03-19  0.758179  0.727578  0.783472  0.752723  0.000323  ...  0.577969   
...              ...       ...       ...       ...       ...  ...       ...   
2025-03-25  0.000741  0.000710  0.000809  0.000811  0.393864  ...  0.725390   
2025-03-26  0.000934  0.000862  0.000820  0.000790  0.655639  ...  0.778843   
2025-03-27  0.000998  0.000921  0.000967  0.001011  0.624068  ...  0.792450   
2025-03-28  0.001297  0.001193  0.001122  0.001079  0.697877  ...  0.826618   
2025-03-31  0.001301  0.001457  0.001387  0.001527  0.806026  ...  0.778200   

               LR_45     LR_46     LR_47     LR_48  
Date                                                
2018-03-13  0.521967  0.518904  0.496097  0.480786  
2018-03-14  0.529989  0.537502  0.500031  0.497440  
2018-03-15  0.532613  0.546398  0.519265  0.502133  
2018-03-16  0.532446  0.550786  0.529741  0.521775  
2018-03-19  0.580988  0.581704  0.564342  0.559877  
...              ...       ...       ...       ...  
2025-03-25  0.734601  0.713755  0.700284  0.650458  
2025-03-26  0.776471  0.773436  0.719135  0.715236  
2025-03-27  0.809717  0.793145  0.756975  0.713806  
2025-03-28  0.858898  0.859548  0.809531  0.780273  
2025-03-31  0.849021  0.863699  0.831836  0.789689  

[1773 rows x 63 columns]","               Close      High       Low      Open    Volume  ...     LR_44  \
Date                                                          ...             
2018-03-13  0.283867  0.248636  0.285529  0.280257  0.000582  ...  0.514323   
2018-03-14  0.282137  0.242541  0.281486  0.275593  0.000632  ...  0.515466   
2018-03-15  0.281444  0.240712  0.281023  0.273261  0.000291  ...  0.512643   
2018-03-16  0.283290  0.240713  0.282641  0.270931  0.000495  ...  0.509548   
2018-03-19  0.276371  0.238275  0.276577  0.271514  0.000693  ...  0.505158   
...              ...       ...       ...       ...       ...  ...       ...   
2025-03-25  0.997243  1.000000  1.000000  0.998311  0.012128  ...  0.557296   
2025-03-26  0.988890  0.993820  0.987451  0.992401  0.012121  ...  0.554855   
2025-03-27  0.984713  0.985874  0.986028  0.982268  0.022067  ...  0.548184   
2025-03-28  0.981372  0.984991  0.982431  0.985645  0.023004  ...  0.542727   
2025-03-31  0.982207  0.979693  0.974064  0.968758  0.045617  ...  0.541530   

               LR_45     LR_46     LR_47     LR_48  
Date                                                
2018-03-13  0.508864  0.506835  0.509321  0.511850  
2018-03-14  0.506166  0.502385  0.502818  0.505837  
2018-03-15  0.508383  0.500781  0.499458  0.500445  
2018-03-16  0.508259  0.505645  0.500507  0.499739  
2018-03-19  0.495986  0.496344  0.496200  0.491670  
...              ...       ...       ...       ...  
2025-03-25  0.554034  0.550972  0.554053  0.564653  
2025-03-26  0.544451  0.543209  0.542721  0.546193  
2025-03-27  0.545029  0.536643  0.537945  0.537879  
2025-03-28  0.539034  0.537813  0.531984  0.533720  
2025-03-31  0.536655  0.534843  0.536149  0.530771  

[1773 rows x 63 columns]","               Close      High       Low      Open    Volume  ...     LR_44  \
Date                                                          ...             
2018-03-13  0.057443  0.055078  0.058404  0.058327  0.000924  ...  0.444683   
2018-03-14  0.058184  0.053637  0.060310  0.058327  0.000995  ...  0.449243   
2018-03-15  0.058554  0.055798  0.060310  0.058687  0.000673  ...  0.452669   
2018-03-16  0.055962  0.052196  0.058022  0.055808  0.002408  ...  0.423125   
2018-03-19  0.057814  0.052917  0.058404  0.055808  0.001799  ...  0.432203   
...              ...       ...       ...       ...       ...  ...       ...   
2025-03-25  0.179999  0.172984  0.185197  0.173987  0.087843  ...  0.474405   
2025-03-26  0.173873  0.170601  0.178048  0.172401  0.061131  ...  0.488570   
2025-03-27  0.173873  0.167822  0.177628  0.166846  0.064200  ...  0.473869   
2025-03-28  0.173873  0.165836  0.178048  0.169623  0.045987  ...  0.475817   
2025-03-31  0.169380  0.161865  0.168377  0.163276  0.069312  ...  0.468304   

               LR_45     LR_46     LR_47     LR_48  
Date                                                
2018-03-13  0.450849  0.440810  0.435287  0.424900  
2018-03-14  0.436946  0.439608  0.445718  0.429407  
2018-03-15  0.440385  0.424717  0.443360  0.438505  
2018-03-16  0.434674  0.419060  0.419170  0.427231  
2018-03-19  0.418720  0.427010  0.427194  0.416990  
...              ...       ...       ...       ...  
2025-03-25  0.453957  0.444217  0.449759  0.453675  
2025-03-26  0.450383  0.426414  0.432728  0.427487  
2025-03-27  0.478776  0.436885  0.428894  0.424662  
2025-03-28  0.463998  0.464982  0.439469  0.420906  
2025-03-31  0.455460  0.439970  0.457356  0.420987  

[1773 rows x 63 columns]"
